﻿key_resp.keys,key_resp.rt,participant,session,date,expName,psychopyVersion,OS,frameRate,key_resp_2.keys,key_resp_2.rt,key_resp_3.keys,key_resp_3.corr,key_resp_3.rt,trials.thisRepN,trials.thisTrialN,trials.thisN,trials.thisIndex,trials.ran,img,c,key_resp_4.keys,key_resp_4.rt,key_resp_5.keys,key_resp_5.rt,key_resp_6.keys,key_resp_6.corr,key_resp_6.rt,trials_2.thisRepN,trials_2.thisTrialN,trials_2.thisN,trials_2.thisIndex,trials_2.ran,key_resp_8.keys,key_resp_8.rt,key_resp_7.keys,key_resp_7.corr,key_resp_7.rt,trials_3.thisRepN,trials_3.thisTrialN,trials_3.thisN,trials_3.thisIndex,trials_3.ran,key_resp_9.keys,key_resp_9.rt
space,16.595,"412645 Даша Безгодова, dary_bz - tg",001,2022-11-27_16h59.02.607,a_group,2022.2.4,MacIntel,30.3030303,,,,,,,,,,,,,,,,,,,,,,,,,,,,,,,,,,,,
,,"412645 Даша Безгодова, dary_bz - tg",001,2022-11-27_16h59.02.607,a_group,2022.2.4,MacIntel,30.3030303,space,31.898,,,,,,,,,,,,,,,,,,,,,,,,,,,,,,,,,,
,,"412645 Даша Безгодова, dary_bz - tg",001,2022-11-27_16h59.02.607,a_group,2022.2.4,MacIntel,30.3030303,,,4,1,51.237,0,0,0,9,1,ср4.jpg,4,,,,,,,,,,,,,,,,,,,,,,,,
,,"412645 Даша Безгодова, dary_bz - tg",001,2022-11-27_16h59.02.607,a_group,2022.2.4,MacIntel,30.3030303,,,3,0,53.093,0,1,1,24,1,ср9.jpg,1,,,,,,,,,,,,,,,,,,,,,,,,
,,"412645 Даша Безгодова, dary_bz - tg",001,2022-11-27_16h59.02.607,a_group,2022.2.4,MacIntel,30.3030303,,,4,1,30.333,0,2,2,12,1,ср5.jpg,4,,,,,,,,,,,,,,,,,,,,,,,,
,,"412645 Даша Безгодова, dary_bz - tg",001,2022-11-27_16h59.02.607,a_group,2022.2.4,MacIntel,30.3030303,,,3,1,24.527,0,3,3,23,1,sr_58.jpg,3,,,,,,,,,,,,,,,,,,,,,,,,
,,"412645 Даша Безгодова, dary_bz - tg",001,2022-11-27_16h59.02.607,a_group,2022.2.4,MacIntel,30.3030303,,,2,1,13.812,0,4,4,11,1,sr_54.jpg,2,,,,,,,,,,,,,,,,,,,,,,,,
,,"412645 Даша Безгодова, dary_bz - tg",001,2022-11-27_16h59.02.607,a_group,2022.2.4,MacIntel,30.3030303,,,1,1,12.237,0,5,5,10,1,ср29.jpg,1,,,,,,,,,,,,,,,,,,,,,,,,
,,"412645 Даша Безгодова, dary_bz - tg",001,2022-11-27_16h59.02.607,a_group,2022.2.4,MacIntel,30.3030303,,,1,0,18.473,0,6,6,21,1,ср8.jpg,4,,,,,,,,,,,,,,,,,,,,,,,,
,,"412645 Даша Безгодова, dary_bz - tg",001,2022-11-27_16h59.02.607,a_group,2022.2.4,MacIntel,30.3030303,,,1,0,14.692,0,7,7,22,1,ср33.jpg,2,,,,,,,,,,,,,,,,,,,,,,,,
,,"412645 Даша Безгодова, dary_bz - tg",001,2022-11-27_16h59.02.607,a_group,2022.2.4,MacIntel,30.3030303,,,2,1,38.671,0,8,8,4,1,ср27.jpg,2,,,,,,,,,,,,,,,,,,,,,,,,
,,"412645 Даша Безгодова, dary_bz - tg",001,2022-11-27_16h59.02.607,a_group,2022.2.4,MacIntel,30.3030303,,,3,1,30.026,0,9,9,5,1,sr_52.jpg,3,,,,,,,,,,,,,,,,,,,,,,,,
,,"412645 Даша Безгодова, dary_bz - tg",001,2022-11-27_16h59.02.607,a_group,2022.2.4,MacIntel,30.3030303,,,3,0,16.172,0,10,10,7,1,ср28.jpg,2,,,,,,,,,,,,,,,,,,,,,,,,
,,"412645 Даша Безгодова, dary_bz - tg",001,2022-11-27_16h59.02.607,a_group,2022.2.4,MacIntel,30.3030303,,,1,1,10.826,0,11,11,6,1,ср3.jpg,1,,,,,,,,,,,,,,,,,,,,,,,,
,,"412645 Даша Безгодова, dary_bz - tg",001,2022-11-27_16h59.02.607,a_group,2022.2.4,MacIntel,30.3030303,,,3,1,18.033,0,12,12,13,1,ср30.jpg,3,,,,,,,,,,,,,,,,,,,,,,,,
,,"412645 Даша Безгодова, dary_bz - tg",001,2022-11-27_16h59.02.607,a_group,2022.2.4,MacIntel,30.3030303,,,1,1,32.744,0,13,13,20,1,sr_57.jpg,1,,,,,,,,,,,,,,,,,,,,,,,,
,,"412645 Даша Безгодова, dary_bz - tg",001,2022-11-27_16h59.02.607,a_group,2022.2.4,MacIntel,30.3030303,,,1,0,10.735,0,14,14,1,1,ср26.jpg,2,,,,,,,,,,,,,,,,,,,,,,,,
,,"412645 Даша Безгодова, dary_bz - tg",001,2022-11-27_16h59.02.607,a_group,2022.2.4,MacIntel,30.3030303,,,1,1,22.16,0,15,15,16,1,ср31.jpg,1,,,,,,,,,,,,,,,,,,,,,,,,
,,"412645 Даша Безгодова, dary_bz - tg",001,2022-11-27_16h59.02.607,a_group,2022.2.4,MacIntel,30.3030303,,,1,1,7.031,0,16,16,2,1,sr_51.jpg,1,,,,,,,,,,,,,,,,,,,,,,,,
,,"412645 Даша Безгодова, dary_bz - tg",001,2022-11-27_16h59.02.607,a_group,2022.2.4,MacIntel,30.3030303,,,1,1,19.203,0,17,17,0,1,ср1.jpg,1,,,,,,,,,,,,,,,,,,,,,,,,
,,"412645 Даша Безгодова, dary_bz - tg",001,2022-11-27_16h59.02.607,a_group,2022.2.4,MacIntel,30.3030303,,,2,0,46.397,0,18,18,14,1,sr_55.jpg,1,,,,,,,,,,,,,,,,,,,,,,,,
,,"412645 Даша Безгодова, dary_bz - tg",001,2022-11-27_16h59.02.607,a_group,2022.2.4,MacIntel,30.3030303,,,3,1,14.356,0,19,19,19,1,ср32.jpg,3,,,,,,,,,,,,,,,,,,,,,,,,
,,"412645 Даша Безгодова, dary_bz - tg",001,2022-11-27_16h59.02.607,a_group,2022.2.4,MacIntel,30.3030303,,,1,1,15.276,0,20,20,18,1,ср7.jpg,1,,,,,,,,,,,,,,,,,,,,,,,,
,,"412645 Даша Безгодова, dary_bz - tg",001,2022-11-27_16h59.02.607,a_group,2022.2.4,MacIntel,30.3030303,,,2,1,26.185,0,21,21,8,1,sr_53.jpg,2,,,,,,,,,,,,,,,,,,,,,,,,
,,"412645 Даша Безгодова, dary_bz - tg",001,2022-11-27_16h59.02.607,a_group,2022.2.4,MacIntel,30.3030303,,,1,1,6.37,0,22,22,3,1,ср2.jpg,1,,,,,,,,,,,,,,,,,,,,,,,,
,,"412645 Даша Безгодова, dary_bz - tg",001,2022-11-27_16h59.02.607,a_group,2022.2.4,MacIntel,30.3030303,,,4,1,9.54,0,23,23,17,1,sr_56.jpg,4,,,,,,,,,,,,,,,,,,,,,,,,
,,"412645 Даша Безгодова, dary_bz - tg",001,2022-11-27_16h59.02.607,a_group,2022.2.4,MacIntel,30.3030303,,,4,0,15.827,0,24,24,15,1,ср6.jpg,1,,,,,,,,,,,,,,,,,,,,,,,,
,,"412645 Даша Безгодова, dary_bz - tg",001,2022-11-27_16h59.02.607,a_group,2022.2.4,MacIntel,30.3030303,,,,,,,,,,,,,space,2.267,,,,,,,,,,,,,,,,,,,,,,
,,"412645 Даша Безгодова, dary_bz - tg",001,2022-11-27_16h59.02.607,a_group,2022.2.4,MacIntel,30.3030303,,,,,,,,,,,,,,,space,5.605,,,,,,,,,,,,,,,,,,,,
,,"412645 Даша Безгодова, dary_bz - tg",001,2022-11-27_16h59.02.607,a_group,2022.2.4,MacIntel,30.3030303,,,,,,,,,,,ср40.jpg,2,,,,,4,0,14.612,0,0,0,17,1,,,,,,,,,,,,
,,"412645 Даша Безгодова, dary_bz - tg",001,2022-11-27_16h59.02.607,a_group,2022.2.4,MacIntel,30.3030303,,,,,,,,,,,sr_59.jpg,4,,,,,4,1,5.223,0,1,1,0,1,,,,,,,,,,,,
,,"412645 Даша Безгодова, dary_bz - tg",001,2022-11-27_16h59.02.607,a_group,2022.2.4,MacIntel,30.3030303,,,,,,,,,,,sr_64.jpg,4,,,,,4,1,8.748,0,2,2,15,1,,,,,,,,,,,,
,,"412645 Даша Безгодова, dary_bz - tg",001,2022-11-27_16h59.02.607,a_group,2022.2.4,MacIntel,30.3030303,,,,,,,,,,,ср42.jpg,4,,,,,1,0,17.305,0,3,3,23,1,,,,,,,,,,,,
,,"412645 Даша Безгодова, dary_bz - tg",001,2022-11-27_16h59.02.607,a_group,2022.2.4,MacIntel,30.3030303,,,,,,,,,,,ср39.jpg,3,,,,,2,0,22.614,0,4,4,14,1,,,,,,,,,,,,
,,"412645 Даша Безгодова, dary_bz - tg",001,2022-11-27_16h59.02.607,a_group,2022.2.4,MacIntel,30.3030303,,,,,,,,,,,ср38.jpg,3,,,,,1,0,8.44,0,5,5,11,1,,,,,,,,,,,,
,,"412645 Даша Безгодова, dary_bz - tg",001,2022-11-27_16h59.02.607,a_group,2022.2.4,MacIntel,30.3030303,,,,,,,,,,,ср12.jpg,1,,,,,3,0,13.858,0,6,6,7,1,,,,,,,,,,,,
,,"412645 Даша Безгодова, dary_bz - tg",001,2022-11-27_16h59.02.607,a_group,2022.2.4,MacIntel,30.3030303,,,,,,,,,,,sr_60.jpg,4,,,,,2,0,34.969,0,7,7,3,1,,,,,,,,,,,,
,,"412645 Даша Безгодова, dary_bz - tg",001,2022-11-27_16h59.02.607,a_group,2022.2.4,MacIntel,30.3030303,,,,,,,,,,,sr_63.jpg,4,,,,,1,0,34.885,0,8,8,12,1,,,,,,,,,,,,
,,"412645 Даша Безгодова, dary_bz - tg",001,2022-11-27_16h59.02.607,a_group,2022.2.4,MacIntel,30.3030303,,,,,,,,,,,ср36.jpg,1,,,,,1,1,10.588,0,9,9,5,1,,,,,,,,,,,,
,,"412645 Даша Безгодова, dary_bz - tg",001,2022-11-27_16h59.02.607,a_group,2022.2.4,MacIntel,30.3030303,,,,,,,,,,,sr_62.jpg,1,,,,,4,0,17.087,0,10,10,9,1,,,,,,,,,,,,
,,"412645 Даша Безгодова, dary_bz - tg",001,2022-11-27_16h59.02.607,a_group,2022.2.4,MacIntel,30.3030303,,,,,,,,,,,ср14.jpg,1,,,,,1,1,10.53,0,11,11,13,1,,,,,,,,,,,,
,,"412645 Даша Безгодова, dary_bz - tg",001,2022-11-27_16h59.02.607,a_group,2022.2.4,MacIntel,30.3030303,,,,,,,,,,,ср41.jpg,1,,,,,4,0,10.657,0,12,12,20,1,,,,,,,,,,,,
,,"412645 Даша Безгодова, dary_bz - tg",001,2022-11-27_16h59.02.607,a_group,2022.2.4,MacIntel,30.3030303,,,,,,,,,,,ср15.jpg,4,,,,,2,0,7.505,0,13,13,16,1,,,,,,,,,,,,
,,"412645 Даша Безгодова, dary_bz - tg",001,2022-11-27_16h59.02.607,a_group,2022.2.4,MacIntel,30.3030303,,,,,,,,,,,ср35.jpg,3,,,,,1,0,14.094,0,14,14,2,1,,,,,,,,,,,,
,,"412645 Даша Безгодова, dary_bz - tg",001,2022-11-27_16h59.02.607,a_group,2022.2.4,MacIntel,30.3030303,,,,,,,,,,,sr_66.jpg,4,,,,,1,0,19.124,0,15,15,21,1,,,,,,,,,,,,
,,"412645 Даша Безгодова, dary_bz - tg",001,2022-11-27_16h59.02.607,a_group,2022.2.4,MacIntel,30.3030303,,,,,,,,,,,sr_65.jpg,4,,,,,2,0,21.854,0,16,16,18,1,,,,,,,,,,,,
,,"412645 Даша Безгодова, dary_bz - tg",001,2022-11-27_16h59.02.607,a_group,2022.2.4,MacIntel,30.3030303,,,,,,,,,,,ср11.jpg,4,,,,,1,0,8.36,0,17,17,4,1,,,,,,,,,,,,
,,"412645 Даша Безгодова, dary_bz - tg",001,2022-11-27_16h59.02.607,a_group,2022.2.4,MacIntel,30.3030303,,,,,,,,,,,ср16.jpg,2,,,,,4,0,22.011,0,18,18,19,1,,,,,,,,,,,,
,,"412645 Даша Безгодова, dary_bz - tg",001,2022-11-27_16h59.02.607,a_group,2022.2.4,MacIntel,30.3030303,,,,,,,,,,,ср13.jpg,1,,,,,2,0,15.603,0,19,19,10,1,,,,,,,,,,,,
,,"412645 Даша Безгодова, dary_bz - tg",001,2022-11-27_16h59.02.607,a_group,2022.2.4,MacIntel,30.3030303,,,,,,,,,,,ср17.jpg,1,,,,,3,0,14.759,0,20,20,22,1,,,,,,,,,,,,
,,"412645 Даша Безгодова, dary_bz - tg",001,2022-11-27_16h59.02.607,a_group,2022.2.4,MacIntel,30.3030303,,,,,,,,,,,ср10.jpg,3,,,,,4,0,10.905,0,21,21,1,1,,,,,,,,,,,,
,,"412645 Даша Безгодова, dary_bz - tg",001,2022-11-27_16h59.02.607,a_group,2022.2.4,MacIntel,30.3030303,,,,,,,,,,,sr_61.jpg,4,,,,,1,0,4.799,0,22,22,6,1,,,,,,,,,,,,
,,"412645 Даша Безгодова, dary_bz - tg",001,2022-11-27_16h59.02.607,a_group,2022.2.4,MacIntel,30.3030303,,,,,,,,,,,ср37.jpg,3,,,,,1,0,6.326,0,23,23,8,1,,,,,,,,,,,,
,,"412645 Даша Безгодова, dary_bz - tg",001,2022-11-27_16h59.02.607,a_group,2022.2.4,MacIntel,30.3030303,,,,,,,,,,,,,space,2.394,,,,,,,,,,,,,,,,,,,,,,
,,"412645 Даша Безгодова, dary_bz - tg",001,2022-11-27_16h59.02.607,a_group,2022.2.4,MacIntel,30.3030303,,,,,,,,,,,,,,,,,,,,,,,,,space,8.916,,,,,,,,,,
,,"412645 Даша Безгодова, dary_bz - tg",001,2022-11-27_16h59.02.607,a_group,2022.2.4,MacIntel,30.3030303,,,,,,,,,,,sr_71.jpg,3,,,,,,,,,,,,,,,2,0,26.792,0,0,0,11,1,,
,,"412645 Даша Безгодова, dary_bz - tg",001,2022-11-27_16h59.02.607,a_group,2022.2.4,MacIntel,30.3030303,,,,,,,,,,,ср47.jpg,4,,,,,,,,,,,,,,,1,0,7.901,0,1,1,13,1,,
,,"412645 Даша Безгодова, dary_bz - tg",001,2022-11-27_16h59.02.607,a_group,2022.2.4,MacIntel,30.3030303,,,,,,,,,,,ср22.jpg,3,,,,,,,,,,,,,,,1,0,8.378,0,2,2,12,1,,
,,"412645 Даша Безгодова, dary_bz - tg",001,2022-11-27_16h59.02.607,a_group,2022.2.4,MacIntel,30.3030303,,,,,,,,,,,ср20.jpg,3,,,,,,,,,,,,,,,4,0,17.888,0,3,3,6,1,,
,,"412645 Даша Безгодова, dary_bz - tg",001,2022-11-27_16h59.02.607,a_group,2022.2.4,MacIntel,30.3030303,,,,,,,,,,,sr_75.jpg,4,,,,,,,,,,,,,,,2,0,8.201,0,4,4,23,1,,
,,"412645 Даша Безгодова, dary_bz - tg",001,2022-11-27_16h59.02.607,a_group,2022.2.4,MacIntel,30.3030303,,,,,,,,,,,sr_73.jpg,4,,,,,,,,,,,,,,,4,1,9.191,0,5,5,17,1,,
,,"412645 Даша Безгодова, dary_bz - tg",001,2022-11-27_16h59.02.607,a_group,2022.2.4,MacIntel,30.3030303,,,,,,,,,,,ср19.jpg,3,,,,,,,,,,,,,,,1,0,13.478,0,6,6,3,1,,
,,"412645 Даша Безгодова, dary_bz - tg",001,2022-11-27_16h59.02.607,a_group,2022.2.4,MacIntel,30.3030303,,,,,,,,,,,ср43.jpg,1,,,,,,,,,,,,,,,4,0,17.4,0,7,7,1,1,,
,,"412645 Даша Безгодова, dary_bz - tg",001,2022-11-27_16h59.02.607,a_group,2022.2.4,MacIntel,30.3030303,,,,,,,,,,,sr_68.jpg,4,,,,,,,,,,,,,,,4,1,20.304,0,8,8,2,1,,
,,"412645 Даша Безгодова, dary_bz - tg",001,2022-11-27_16h59.02.607,a_group,2022.2.4,MacIntel,30.3030303,,,,,,,,,,,ср25.jpg,2,,,,,,,,,,,,,,,4,0,13.97,0,9,9,21,1,,
,,"412645 Даша Безгодова, dary_bz - tg",001,2022-11-27_16h59.02.607,a_group,2022.2.4,MacIntel,30.3030303,,,,,,,,,,,sr_69.jpg,3,,,,,,,,,,,,,,,1,0,15.503,0,10,10,5,1,,
,,"412645 Даша Безгодова, dary_bz - tg",001,2022-11-27_16h59.02.607,a_group,2022.2.4,MacIntel,30.3030303,,,,,,,,,,,ср44.jpg,3,,,,,,,,,,,,,,,1,0,10.859,0,11,11,4,1,,
,,"412645 Даша Безгодова, dary_bz - tg",001,2022-11-27_16h59.02.607,a_group,2022.2.4,MacIntel,30.3030303,,,,,,,,,,,sr_72.jpg,4,,,,,,,,,,,,,,,2,0,14.008,0,12,12,14,1,,
,,"412645 Даша Безгодова, dary_bz - tg",001,2022-11-27_16h59.02.607,a_group,2022.2.4,MacIntel,30.3030303,,,,,,,,,,,ср50.jpg,2,,,,,,,,,,,,,,,1,0,20.664,0,13,13,22,1,,
,,"412645 Даша Безгодова, dary_bz - tg",001,2022-11-27_16h59.02.607,a_group,2022.2.4,MacIntel,30.3030303,,,,,,,,,,,ср23.jpg,1,,,,,,,,,,,,,,,1,1,3.971,0,14,14,15,1,,
,,"412645 Даша Безгодова, dary_bz - tg",001,2022-11-27_16h59.02.607,a_group,2022.2.4,MacIntel,30.3030303,,,,,,,,,,,ср48.jpg,1,,,,,,,,,,,,,,,4,0,7.047,0,15,15,16,1,,
,,"412645 Даша Безгодова, dary_bz - tg",001,2022-11-27_16h59.02.607,a_group,2022.2.4,MacIntel,30.3030303,,,,,,,,,,,ср24.jpg,4,,,,,,,,,,,,,,,2,0,13.073,0,16,16,18,1,,
,,"412645 Даша Безгодова, dary_bz - tg",001,2022-11-27_16h59.02.607,a_group,2022.2.4,MacIntel,30.3030303,,,,,,,,,,,ср46.jpg,2,,,,,,,,,,,,,,,4,0,12.86,0,17,17,10,1,,
,,"412645 Даша Безгодова, dary_bz - tg",001,2022-11-27_16h59.02.607,a_group,2022.2.4,MacIntel,30.3030303,,,,,,,,,,,sr_70.jpg,3,,,,,,,,,,,,,,,2,0,9.222,0,18,18,8,1,,
,,"412645 Даша Безгодова, dary_bz - tg",001,2022-11-27_16h59.02.607,a_group,2022.2.4,MacIntel,30.3030303,,,,,,,,,,,ср21.jpg,1,,,,,,,,,,,,,,,3,0,8.925,0,19,19,9,1,,
,,"412645 Даша Безгодова, dary_bz - tg",001,2022-11-27_16h59.02.607,a_group,2022.2.4,MacIntel,30.3030303,,,,,,,,,,,ср45.jpg,4,,,,,,,,,,,,,,,2,0,7.061,0,20,20,7,1,,
,,"412645 Даша Безгодова, dary_bz - tg",001,2022-11-27_16h59.02.607,a_group,2022.2.4,MacIntel,30.3030303,,,,,,,,,,,ср18.jpg,2,,,,,,,,,,,,,,,2,1,14.267,0,21,21,0,1,,
,,"412645 Даша Безгодова, dary_bz - tg",001,2022-11-27_16h59.02.607,a_group,2022.2.4,MacIntel,30.3030303,,,,,,,,,,,ср49.jpg,4,,,,,,,,,,,,,,,1,0,5.325,0,22,22,19,1,,
,,"412645 Даша Безгодова, dary_bz - tg",001,2022-11-27_16h59.02.607,a_group,2022.2.4,MacIntel,30.3030303,,,,,,,,,,,sr_74.jpg,4,,,,,,,,,,,,,,,4,1,12.188,0,23,23,20,1,,
,,"412645 Даша Безгодова, dary_bz - tg",001,2022-11-27_16h59.02.607,a_group,2022.2.4,MacIntel,30.3030303,,,,,,,,,,,,,,,,,,,,,,,,,,,,,,,,,,,space,5.482
