﻿key_resp.keys,key_resp.rt,participant,session,date,expName,psychopyVersion,OS,frameRate,key_resp_2.keys,key_resp_2.rt,key_resp_3.keys,key_resp_3.corr,key_resp_3.rt,trials.thisRepN,trials.thisTrialN,trials.thisN,trials.thisIndex,trials.ran,img,c,key_resp_4.keys,key_resp_4.rt,key_resp_5.keys,key_resp_5.rt,key_resp_6.keys,key_resp_6.corr,key_resp_6.rt,trials_2.thisRepN,trials_2.thisTrialN,trials_2.thisN,trials_2.thisIndex,trials_2.ran,key_resp_8.keys,key_resp_8.rt,key_resp_7.keys,key_resp_7.corr,key_resp_7.rt,trials_3.thisRepN,trials_3.thisTrialN,trials_3.thisN,trials_3.thisIndex,trials_3.ran,key_resp_9.keys,key_resp_9.rt
space,15.627,Кулигина Анастасия ,001,2022-11-24_22h37.03.279,a_group,2022.2.4,MacIntel,5.319148936,,,,,,,,,,,,,,,,,,,,,,,,,,,,,,,,,,,,
,,Кулигина Анастасия ,001,2022-11-24_22h37.03.279,a_group,2022.2.4,MacIntel,5.319148936,space,10.643,,,,,,,,,,,,,,,,,,,,,,,,,,,,,,,,,,
,,Кулигина Анастасия ,001,2022-11-24_22h37.03.279,a_group,2022.2.4,MacIntel,5.319148936,,,2,1,67.998,0,0,0,4,1,ср27.jpg,2,,,,,,,,,,,,,,,,,,,,,,,,
,,Кулигина Анастасия ,001,2022-11-24_22h37.03.279,a_group,2022.2.4,MacIntel,5.319148936,,,2,1,41.595,0,1,1,1,1,ср26.jpg,2,,,,,,,,,,,,,,,,,,,,,,,,
,,Кулигина Анастасия ,001,2022-11-24_22h37.03.279,a_group,2022.2.4,MacIntel,5.319148936,,,3,1,37.938,0,2,2,23,1,sr_58.jpg,3,,,,,,,,,,,,,,,,,,,,,,,,
,,Кулигина Анастасия ,001,2022-11-24_22h37.03.279,a_group,2022.2.4,MacIntel,5.319148936,,,2,1,37.062,0,3,3,11,1,sr_54.jpg,2,,,,,,,,,,,,,,,,,,,,,,,,
,,Кулигина Анастасия ,001,2022-11-24_22h37.03.279,a_group,2022.2.4,MacIntel,5.319148936,,,3,1,21.286,0,4,4,19,1,ср32.jpg,3,,,,,,,,,,,,,,,,,,,,,,,,
,,Кулигина Анастасия ,001,2022-11-24_22h37.03.279,a_group,2022.2.4,MacIntel,5.319148936,,,4,0,75.917,0,5,5,15,1,ср6.jpg,1,,,,,,,,,,,,,,,,,,,,,,,,
,,Кулигина Анастасия ,001,2022-11-24_22h37.03.279,a_group,2022.2.4,MacIntel,5.319148936,,,3,0,42.097,0,6,6,16,1,ср31.jpg,1,,,,,,,,,,,,,,,,,,,,,,,,
,,Кулигина Анастасия ,001,2022-11-24_22h37.03.279,a_group,2022.2.4,MacIntel,5.319148936,,,1,1,41.533,0,7,7,0,1,ср1.jpg,1,,,,,,,,,,,,,,,,,,,,,,,,
,,Кулигина Анастасия ,001,2022-11-24_22h37.03.279,a_group,2022.2.4,MacIntel,5.319148936,,,1,1,33.293,0,8,8,2,1,sr_51.jpg,1,,,,,,,,,,,,,,,,,,,,,,,,
,,Кулигина Анастасия ,001,2022-11-24_22h37.03.279,a_group,2022.2.4,MacIntel,5.319148936,,,3,0,35.671,0,9,9,3,1,ср2.jpg,1,,,,,,,,,,,,,,,,,,,,,,,,
,,Кулигина Анастасия ,001,2022-11-24_22h37.03.279,a_group,2022.2.4,MacIntel,5.319148936,,,4,0,24.939,0,10,10,7,1,ср28.jpg,2,,,,,,,,,,,,,,,,,,,,,,,,
,,Кулигина Анастасия ,001,2022-11-24_22h37.03.279,a_group,2022.2.4,MacIntel,5.319148936,,,1,1,23.693,0,11,11,14,1,sr_55.jpg,1,,,,,,,,,,,,,,,,,,,,,,,,
,,Кулигина Анастасия ,001,2022-11-24_22h37.03.279,a_group,2022.2.4,MacIntel,5.319148936,,,3,0,58.516,0,12,12,18,1,ср7.jpg,1,,,,,,,,,,,,,,,,,,,,,,,,
,,Кулигина Анастасия ,001,2022-11-24_22h37.03.279,a_group,2022.2.4,MacIntel,5.319148936,,,2,1,49.255,0,13,13,8,1,sr_53.jpg,2,,,,,,,,,,,,,,,,,,,,,,,,
,,Кулигина Анастасия ,001,2022-11-24_22h37.03.279,a_group,2022.2.4,MacIntel,5.319148936,,,4,1,28.049,0,14,14,17,1,sr_56.jpg,4,,,,,,,,,,,,,,,,,,,,,,,,
,,Кулигина Анастасия ,001,2022-11-24_22h37.03.279,a_group,2022.2.4,MacIntel,5.319148936,,,3,1,26.065,0,15,15,13,1,ср30.jpg,3,,,,,,,,,,,,,,,,,,,,,,,,
,,Кулигина Анастасия ,001,2022-11-24_22h37.03.279,a_group,2022.2.4,MacIntel,5.319148936,,,1,1,23.891,0,16,16,6,1,ср3.jpg,1,,,,,,,,,,,,,,,,,,,,,,,,
,,Кулигина Анастасия ,001,2022-11-24_22h37.03.279,a_group,2022.2.4,MacIntel,5.319148936,,,1,0,31.576,0,17,17,9,1,ср4.jpg,4,,,,,,,,,,,,,,,,,,,,,,,,
,,Кулигина Анастасия ,001,2022-11-24_22h37.03.279,a_group,2022.2.4,MacIntel,5.319148936,,,1,1,38.803,0,18,18,20,1,sr_57.jpg,1,,,,,,,,,,,,,,,,,,,,,,,,
,,Кулигина Анастасия ,001,2022-11-24_22h37.03.279,a_group,2022.2.4,MacIntel,5.319148936,,,4,0,26.391,0,19,19,22,1,ср33.jpg,2,,,,,,,,,,,,,,,,,,,,,,,,
,,Кулигина Анастасия ,001,2022-11-24_22h37.03.279,a_group,2022.2.4,MacIntel,5.319148936,,,1,1,38.241,0,20,20,10,1,ср29.jpg,1,,,,,,,,,,,,,,,,,,,,,,,,
,,Кулигина Анастасия ,001,2022-11-24_22h37.03.279,a_group,2022.2.4,MacIntel,5.319148936,,,4,1,50.381,0,21,21,21,1,ср8.jpg,4,,,,,,,,,,,,,,,,,,,,,,,,
,,Кулигина Анастасия ,001,2022-11-24_22h37.03.279,a_group,2022.2.4,MacIntel,5.319148936,,,3,1,17.698,0,22,22,5,1,sr_52.jpg,3,,,,,,,,,,,,,,,,,,,,,,,,
,,Кулигина Анастасия ,001,2022-11-24_22h37.03.279,a_group,2022.2.4,MacIntel,5.319148936,,,4,1,32.275,0,23,23,12,1,ср5.jpg,4,,,,,,,,,,,,,,,,,,,,,,,,
,,Кулигина Анастасия ,001,2022-11-24_22h37.03.279,a_group,2022.2.4,MacIntel,5.319148936,,,3,0,31.14,0,24,24,24,1,ср9.jpg,1,,,,,,,,,,,,,,,,,,,,,,,,
,,Кулигина Анастасия ,001,2022-11-24_22h37.03.279,a_group,2022.2.4,MacIntel,5.319148936,,,,,,,,,,,,,space,9.147,,,,,,,,,,,,,,,,,,,,,,
,,Кулигина Анастасия ,001,2022-11-24_22h37.03.279,a_group,2022.2.4,MacIntel,5.319148936,,,,,,,,,,,,,,,space,9.005,,,,,,,,,,,,,,,,,,,,
,,Кулигина Анастасия ,001,2022-11-24_22h37.03.279,a_group,2022.2.4,MacIntel,5.319148936,,,,,,,,,,,ср36.jpg,1,,,,,3,0,60.77,0,0,0,5,1,,,,,,,,,,,,
,,Кулигина Анастасия ,001,2022-11-24_22h37.03.279,a_group,2022.2.4,MacIntel,5.319148936,,,,,,,,,,,ср16.jpg,2,,,,,1,0,34.032,0,1,1,19,1,,,,,,,,,,,,
,,Кулигина Анастасия ,001,2022-11-24_22h37.03.279,a_group,2022.2.4,MacIntel,5.319148936,,,,,,,,,,,ср40.jpg,2,,,,,4,0,12.119,0,2,2,17,1,,,,,,,,,,,,
,,Кулигина Анастасия ,001,2022-11-24_22h37.03.279,a_group,2022.2.4,MacIntel,5.319148936,,,,,,,,,,,sr_59.jpg,4,,,,,4,1,13.061,0,3,3,0,1,,,,,,,,,,,,
,,Кулигина Анастасия ,001,2022-11-24_22h37.03.279,a_group,2022.2.4,MacIntel,5.319148936,,,,,,,,,,,sr_62.jpg,1,,,,,4,0,12.329,0,4,4,9,1,,,,,,,,,,,,
,,Кулигина Анастасия ,001,2022-11-24_22h37.03.279,a_group,2022.2.4,MacIntel,5.319148936,,,,,,,,,,,sr_64.jpg,4,,,,,4,1,11.526,0,5,5,15,1,,,,,,,,,,,,
,,Кулигина Анастасия ,001,2022-11-24_22h37.03.279,a_group,2022.2.4,MacIntel,5.319148936,,,,,,,,,,,ср15.jpg,4,,,,,2,0,26.931,0,6,6,16,1,,,,,,,,,,,,
,,Кулигина Анастасия ,001,2022-11-24_22h37.03.279,a_group,2022.2.4,MacIntel,5.319148936,,,,,,,,,,,ср13.jpg,1,,,,,3,0,18.547,0,7,7,10,1,,,,,,,,,,,,
,,Кулигина Анастасия ,001,2022-11-24_22h37.03.279,a_group,2022.2.4,MacIntel,5.319148936,,,,,,,,,,,ср11.jpg,4,,,,,1,0,21.63,0,8,8,4,1,,,,,,,,,,,,
,,Кулигина Анастасия ,001,2022-11-24_22h37.03.279,a_group,2022.2.4,MacIntel,5.319148936,,,,,,,,,,,ср41.jpg,1,,,,,4,0,14.733,0,9,9,20,1,,,,,,,,,,,,
,,Кулигина Анастасия ,001,2022-11-24_22h37.03.279,a_group,2022.2.4,MacIntel,5.319148936,,,,,,,,,,,sr_61.jpg,4,,,,,4,1,10.799,0,10,10,6,1,,,,,,,,,,,,
,,Кулигина Анастасия ,001,2022-11-24_22h37.03.279,a_group,2022.2.4,MacIntel,5.319148936,,,,,,,,,,,ср38.jpg,3,,,,,4,0,14.163,0,11,11,11,1,,,,,,,,,,,,
,,Кулигина Анастасия ,001,2022-11-24_22h37.03.279,a_group,2022.2.4,MacIntel,5.319148936,,,,,,,,,,,sr_63.jpg,4,,,,,1,0,50.228,0,12,12,12,1,,,,,,,,,,,,
,,Кулигина Анастасия ,001,2022-11-24_22h37.03.279,a_group,2022.2.4,MacIntel,5.319148936,,,,,,,,,,,ср10.jpg,3,,,,,4,0,19.4,0,13,13,1,1,,,,,,,,,,,,
,,Кулигина Анастасия ,001,2022-11-24_22h37.03.279,a_group,2022.2.4,MacIntel,5.319148936,,,,,,,,,,,ср35.jpg,3,,,,,1,0,23.531,0,14,14,2,1,,,,,,,,,,,,
,,Кулигина Анастасия ,001,2022-11-24_22h37.03.279,a_group,2022.2.4,MacIntel,5.319148936,,,,,,,,,,,ср12.jpg,1,,,,,3,0,24.465,0,15,15,7,1,,,,,,,,,,,,
,,Кулигина Анастасия ,001,2022-11-24_22h37.03.279,a_group,2022.2.4,MacIntel,5.319148936,,,,,,,,,,,ср39.jpg,3,,,,,2,0,19.531,0,16,16,14,1,,,,,,,,,,,,
,,Кулигина Анастасия ,001,2022-11-24_22h37.03.279,a_group,2022.2.4,MacIntel,5.319148936,,,,,,,,,,,ср14.jpg,1,,,,,1,1,12.279,0,17,17,13,1,,,,,,,,,,,,
,,Кулигина Анастасия ,001,2022-11-24_22h37.03.279,a_group,2022.2.4,MacIntel,5.319148936,,,,,,,,,,,sr_65.jpg,4,,,,,4,1,30.108,0,18,18,18,1,,,,,,,,,,,,
,,Кулигина Анастасия ,001,2022-11-24_22h37.03.279,a_group,2022.2.4,MacIntel,5.319148936,,,,,,,,,,,sr_66.jpg,4,,,,,1,0,23.2,0,19,19,21,1,,,,,,,,,,,,
,,Кулигина Анастасия ,001,2022-11-24_22h37.03.279,a_group,2022.2.4,MacIntel,5.319148936,,,,,,,,,,,sr_60.jpg,4,,,,,1,0,23.426,0,20,20,3,1,,,,,,,,,,,,
,,Кулигина Анастасия ,001,2022-11-24_22h37.03.279,a_group,2022.2.4,MacIntel,5.319148936,,,,,,,,,,,ср17.jpg,1,,,,,3,0,17.749,0,21,21,22,1,,,,,,,,,,,,
,,Кулигина Анастасия ,001,2022-11-24_22h37.03.279,a_group,2022.2.4,MacIntel,5.319148936,,,,,,,,,,,ср42.jpg,4,,,,,1,0,14.848,0,22,22,23,1,,,,,,,,,,,,
,,Кулигина Анастасия ,001,2022-11-24_22h37.03.279,a_group,2022.2.4,MacIntel,5.319148936,,,,,,,,,,,ср37.jpg,3,,,,,1,0,14.047,0,23,23,8,1,,,,,,,,,,,,
,,Кулигина Анастасия ,001,2022-11-24_22h37.03.279,a_group,2022.2.4,MacIntel,5.319148936,,,,,,,,,,,,,space,1.982,,,,,,,,,,,,,,,,,,,,,,
,,Кулигина Анастасия ,001,2022-11-24_22h37.03.279,a_group,2022.2.4,MacIntel,5.319148936,,,,,,,,,,,,,,,,,,,,,,,,,space,6.87,,,,,,,,,,
,,Кулигина Анастасия ,001,2022-11-24_22h37.03.279,a_group,2022.2.4,MacIntel,5.319148936,,,,,,,,,,,ср23.jpg,1,,,,,,,,,,,,,,,4,0,12.37,0,0,0,15,1,,
,,Кулигина Анастасия ,001,2022-11-24_22h37.03.279,a_group,2022.2.4,MacIntel,5.319148936,,,,,,,,,,,sr_72.jpg,4,,,,,,,,,,,,,,,4,1,13.106,0,1,1,14,1,,
,,Кулигина Анастасия ,001,2022-11-24_22h37.03.279,a_group,2022.2.4,MacIntel,5.319148936,,,,,,,,,,,ср22.jpg,3,,,,,,,,,,,,,,,1,0,11.289,0,2,2,12,1,,
,,Кулигина Анастасия ,001,2022-11-24_22h37.03.279,a_group,2022.2.4,MacIntel,5.319148936,,,,,,,,,,,sr_69.jpg,3,,,,,,,,,,,,,,,2,0,15.881,0,3,3,5,1,,
,,Кулигина Анастасия ,001,2022-11-24_22h37.03.279,a_group,2022.2.4,MacIntel,5.319148936,,,,,,,,,,,ср48.jpg,1,,,,,,,,,,,,,,,3,0,18.827,0,4,4,16,1,,
,,Кулигина Анастасия ,001,2022-11-24_22h37.03.279,a_group,2022.2.4,MacIntel,5.319148936,,,,,,,,,,,ср47.jpg,4,,,,,,,,,,,,,,,1,0,12.638,0,5,5,13,1,,
,,Кулигина Анастасия ,001,2022-11-24_22h37.03.279,a_group,2022.2.4,MacIntel,5.319148936,,,,,,,,,,,ср46.jpg,2,,,,,,,,,,,,,,,4,0,18.964,0,6,6,10,1,,
,,Кулигина Анастасия ,001,2022-11-24_22h37.03.279,a_group,2022.2.4,MacIntel,5.319148936,,,,,,,,,,,ср44.jpg,3,,,,,,,,,,,,,,,2,0,31.259,0,7,7,4,1,,
,,Кулигина Анастасия ,001,2022-11-24_22h37.03.279,a_group,2022.2.4,MacIntel,5.319148936,,,,,,,,,,,ср20.jpg,3,,,,,,,,,,,,,,,1,0,27.265,0,8,8,6,1,,
,,Кулигина Анастасия ,001,2022-11-24_22h37.03.279,a_group,2022.2.4,MacIntel,5.319148936,,,,,,,,,,,ср19.jpg,3,,,,,,,,,,,,,,,1,0,21.665,0,9,9,3,1,,
,,Кулигина Анастасия ,001,2022-11-24_22h37.03.279,a_group,2022.2.4,MacIntel,5.319148936,,,,,,,,,,,sr_68.jpg,4,,,,,,,,,,,,,,,4,1,38.95,0,10,10,2,1,,
,,Кулигина Анастасия ,001,2022-11-24_22h37.03.279,a_group,2022.2.4,MacIntel,5.319148936,,,,,,,,,,,ср45.jpg,4,,,,,,,,,,,,,,,2,0,20.366,0,11,11,7,1,,
,,Кулигина Анастасия ,001,2022-11-24_22h37.03.279,a_group,2022.2.4,MacIntel,5.319148936,,,,,,,,,,,ср43.jpg,1,,,,,,,,,,,,,,,3,0,30.197,0,12,12,1,1,,
,,Кулигина Анастасия ,001,2022-11-24_22h37.03.279,a_group,2022.2.4,MacIntel,5.319148936,,,,,,,,,,,sr_71.jpg,3,,,,,,,,,,,,,,,3,1,41.315,0,13,13,11,1,,
,,Кулигина Анастасия ,001,2022-11-24_22h37.03.279,a_group,2022.2.4,MacIntel,5.319148936,,,,,,,,,,,ср50.jpg,2,,,,,,,,,,,,,,,4,0,35.468,0,14,14,22,1,,
,,Кулигина Анастасия ,001,2022-11-24_22h37.03.279,a_group,2022.2.4,MacIntel,5.319148936,,,,,,,,,,,ср24.jpg,4,,,,,,,,,,,,,,,2,0,19.515,0,15,15,18,1,,
,,Кулигина Анастасия ,001,2022-11-24_22h37.03.279,a_group,2022.2.4,MacIntel,5.319148936,,,,,,,,,,,sr_70.jpg,3,,,,,,,,,,,,,,,3,1,14.446,0,16,16,8,1,,
,,Кулигина Анастасия ,001,2022-11-24_22h37.03.279,a_group,2022.2.4,MacIntel,5.319148936,,,,,,,,,,,ср25.jpg,2,,,,,,,,,,,,,,,4,0,13.688,0,17,17,21,1,,
,,Кулигина Анастасия ,001,2022-11-24_22h37.03.279,a_group,2022.2.4,MacIntel,5.319148936,,,,,,,,,,,ср49.jpg,4,,,,,,,,,,,,,,,1,0,32.671,0,18,18,19,1,,
,,Кулигина Анастасия ,001,2022-11-24_22h37.03.279,a_group,2022.2.4,MacIntel,5.319148936,,,,,,,,,,,sr_73.jpg,4,,,,,,,,,,,,,,,4,1,28.466,0,19,19,17,1,,
,,Кулигина Анастасия ,001,2022-11-24_22h37.03.279,a_group,2022.2.4,MacIntel,5.319148936,,,,,,,,,,,sr_75.jpg,4,,,,,,,,,,,,,,,4,1,20.304,0,20,20,23,1,,
,,Кулигина Анастасия ,001,2022-11-24_22h37.03.279,a_group,2022.2.4,MacIntel,5.319148936,,,,,,,,,,,ср21.jpg,1,,,,,,,,,,,,,,,3,0,19.088,0,21,21,9,1,,
,,Кулигина Анастасия ,001,2022-11-24_22h37.03.279,a_group,2022.2.4,MacIntel,5.319148936,,,,,,,,,,,sr_74.jpg,4,,,,,,,,,,,,,,,4,1,19.985,0,22,22,20,1,,
,,Кулигина Анастасия ,001,2022-11-24_22h37.03.279,a_group,2022.2.4,MacIntel,5.319148936,,,,,,,,,,,ср18.jpg,2,,,,,,,,,,,,,,,4,0,12.921,0,23,23,0,1,,
,,Кулигина Анастасия ,001,2022-11-24_22h37.03.279,a_group,2022.2.4,MacIntel,5.319148936,,,,,,,,,,,,,,,,,,,,,,,,,,,,,,,,,,,space,5.991
