﻿key_resp.keys,key_resp.rt,participant,session,date,expName,psychopyVersion,OS,frameRate,key_resp_2.keys,key_resp_2.rt,key_resp_3.keys,key_resp_3.corr,key_resp_3.rt,trials.thisRepN,trials.thisTrialN,trials.thisN,trials.thisIndex,trials.ran,img,c
space,16.9517,Talashova_Ekaterina,001,2022-11-25_11h50.32.506,a_group,2022.2.4,Win32,59.83008257,,,,,,,,,,,,
,,Talashova_Ekaterina,001,2022-11-25_11h50.32.506,a_group,2022.2.4,Win32,59.83008257,space,35.3238,,,,,,,,,,
,,Talashova_Ekaterina,001,2022-11-25_11h50.32.506,a_group,2022.2.4,Win32,59.83008257,,,2,1,23.2333,0,0,0,1,1,ср26.jpg,2
,,Talashova_Ekaterina,001,2022-11-25_11h50.32.506,a_group,2022.2.4,Win32,59.83008257,,,1,1,35.3004,0,1,1,0,1,ср1.jpg,1
,,Talashova_Ekaterina,001,2022-11-25_11h50.32.506,a_group,2022.2.4,Win32,59.83008257,,,1,1,15.8515,0,2,2,3,1,ср2.jpg,1
,,Talashova_Ekaterina,001,2022-11-25_11h50.32.506,a_group,2022.2.4,Win32,59.83008257,,,2,1,20.5239,0,3,3,11,1,sr_54.jpg,2
,,Talashova_Ekaterina,001,2022-11-25_11h50.32.506,a_group,2022.2.4,Win32,59.83008257,,,2,1,15.4081,0,4,4,8,1,sr_53.jpg,2
,,Talashova_Ekaterina,001,2022-11-25_11h50.32.506,a_group,2022.2.4,Win32,59.83008257,,,3,1,37.7096,0,5,5,5,1,sr_52.jpg,3
,,Talashova_Ekaterina,001,2022-11-25_11h50.32.506,a_group,2022.2.4,Win32,59.83008257,,,4,0,28.4465,0,6,6,24,1,ср9.jpg,1
,,Talashova_Ekaterina,001,2022-11-25_11h50.32.506,a_group,2022.2.4,Win32,59.83008257,,,1,1,13.733,0,7,7,14,1,sr_55.jpg,1
,,Talashova_Ekaterina,001,2022-11-25_11h50.32.506,a_group,2022.2.4,Win32,59.83008257,,,4,1,25.4904,0,8,8,17,1,sr_56.jpg,4
