﻿key_resp.keys,key_resp.rt,participant,session,date,expName,psychopyVersion,OS,frameRate,key_resp_2.keys,key_resp_2.rt,key_resp_6.keys,key_resp_6.corr,key_resp_6.rt,trials.thisRepN,trials.thisTrialN,trials.thisN,trials.thisIndex,trials.ran,img2,ch,key_resp_5.keys,key_resp_5.rt,key_resp_3.keys,key_resp_3.rt,textbox.text,key_resp_8.keys,key_resp_8.rt,trials_2.thisRepN,trials_2.thisTrialN,trials_2.thisN,trials_2.thisIndex,trials_2.ran,key_resp_4.keys,key_resp_4.rt,key_resp_7.keys,key_resp_7.corr,key_resp_7.rt,trials_3.thisRepN,trials_3.thisTrialN,trials_3.thisN,trials_3.thisIndex,trials_3.ran,key_resp_9.keys,key_resp_9.rt
space,23.598,Акимова Екатерина,001,2022-11-26_11h24.18.209,b_group,2022.2.4,MacIntel,500,,,,,,,,,,,,,,,,,,,,,,,,,,,,,,,,,,,,
,,Акимова Екатерина,001,2022-11-26_11h24.18.209,b_group,2022.2.4,MacIntel,500,space,16.99,,,,,,,,,,,,,,,,,,,,,,,,,,,,,,,,,,
,,Акимова Екатерина,001,2022-11-26_11h24.18.209,b_group,2022.2.4,MacIntel,500,,,2,0,44.714,0,0,0,13,1,ср39.jpg,3,,,,,,,,,,,,,,,,,,,,,,,,
,,Акимова Екатерина,001,2022-11-26_11h24.18.209,b_group,2022.2.4,MacIntel,500,,,1,1,28.425,0,1,1,9,1,ср35.jpg,1,,,,,,,,,,,,,,,,,,,,,,,,
,,Акимова Екатерина,001,2022-11-26_11h24.18.209,b_group,2022.2.4,MacIntel,500,,,3,1,17.418,0,2,2,5,1,ср31.jpg,3,,,,,,,,,,,,,,,,,,,,,,,,
,,Акимова Екатерина,001,2022-11-26_11h24.18.209,b_group,2022.2.4,MacIntel,500,,,4,1,37.133,0,3,3,4,1,ср5.jpg,4,,,,,,,,,,,,,,,,,,,,,,,,
,,Акимова Екатерина,001,2022-11-26_11h24.18.209,b_group,2022.2.4,MacIntel,500,,,4,0,34.088,0,4,4,15,1,ср41.jpg,2,,,,,,,,,,,,,,,,,,,,,,,,
,,Акимова Екатерина,001,2022-11-26_11h24.18.209,b_group,2022.2.4,MacIntel,500,,,2,1,41.883,0,5,5,1,1,ср27.jpg,2,,,,,,,,,,,,,,,,,,,,,,,,
,,Акимова Екатерина,001,2022-11-26_11h24.18.209,b_group,2022.2.4,MacIntel,500,,,2,0,23.234,0,6,6,19,1,ср45.jpg,4,,,,,,,,,,,,,,,,,,,,,,,,
,,Акимова Екатерина,001,2022-11-26_11h24.18.209,b_group,2022.2.4,MacIntel,500,,,3,0,12.777,0,7,7,12,1,ср13.jpg,1,,,,,,,,,,,,,,,,,,,,,,,,
,,Акимова Екатерина,001,2022-11-26_11h24.18.209,b_group,2022.2.4,MacIntel,500,,,1,1,18.583,0,8,8,0,1,ср1.jpg,1,,,,,,,,,,,,,,,,,,,,,,,,
,,Акимова Екатерина,001,2022-11-26_11h24.18.209,b_group,2022.2.4,MacIntel,500,,,1,0,22.829,0,9,9,3,1,ср29.jpg,3,,,,,,,,,,,,,,,,,,,,,,,,
,,Акимова Екатерина,001,2022-11-26_11h24.18.209,b_group,2022.2.4,MacIntel,500,,,2,0,30.749,0,10,10,7,1,ср33.jpg,3,,,,,,,,,,,,,,,,,,,,,,,,
,,Акимова Екатерина,001,2022-11-26_11h24.18.209,b_group,2022.2.4,MacIntel,500,,,3,0,15.297,0,11,11,16,1,ср17.jpg,1,,,,,,,,,,,,,,,,,,,,,,,,
,,Акимова Екатерина,001,2022-11-26_11h24.18.209,b_group,2022.2.4,MacIntel,500,,,1,0,26.295,0,12,12,18,1,ср19.jpg,3,,,,,,,,,,,,,,,,,,,,,,,,
,,Акимова Екатерина,001,2022-11-26_11h24.18.209,b_group,2022.2.4,MacIntel,500,,,3,0,15.75,0,13,13,20,1,ср21.jpg,1,,,,,,,,,,,,,,,,,,,,,,,,
,,Акимова Екатерина,001,2022-11-26_11h24.18.209,b_group,2022.2.4,MacIntel,500,,,4,0,9.594,0,14,14,22,1,ср23.jpg,1,,,,,,,,,,,,,,,,,,,,,,,,
,,Акимова Екатерина,001,2022-11-26_11h24.18.209,b_group,2022.2.4,MacIntel,500,,,1,0,11.427,0,15,15,11,1,ср37.jpg,3,,,,,,,,,,,,,,,,,,,,,,,,
,,Акимова Екатерина,001,2022-11-26_11h24.18.209,b_group,2022.2.4,MacIntel,500,,,2,0,16.411,0,16,16,14,1,ср15.jpg,4,,,,,,,,,,,,,,,,,,,,,,,,
,,Акимова Екатерина,001,2022-11-26_11h24.18.209,b_group,2022.2.4,MacIntel,500,,,4,1,11.167,0,17,17,21,1,ср47.jpg,4,,,,,,,,,,,,,,,,,,,,,,,,
,,Акимова Екатерина,001,2022-11-26_11h24.18.209,b_group,2022.2.4,MacIntel,500,,,2,1,24.755,0,18,18,24,1,ср25.jpg,2,,,,,,,,,,,,,,,,,,,,,,,,
,,Акимова Екатерина,001,2022-11-26_11h24.18.209,b_group,2022.2.4,MacIntel,500,,,1,0,13.513,0,19,19,23,1,ср49.jpg,4,,,,,,,,,,,,,,,,,,,,,,,,
,,Акимова Екатерина,001,2022-11-26_11h24.18.209,b_group,2022.2.4,MacIntel,500,,,1,1,16.582,0,20,20,2,1,ср3.jpg,1,,,,,,,,,,,,,,,,,,,,,,,,
,,Акимова Екатерина,001,2022-11-26_11h24.18.209,b_group,2022.2.4,MacIntel,500,,,3,0,17.228,0,21,21,8,1,ср9.jpg,1,,,,,,,,,,,,,,,,,,,,,,,,
,,Акимова Екатерина,001,2022-11-26_11h24.18.209,b_group,2022.2.4,MacIntel,500,,,1,0,7.463,0,22,22,10,1,ср11.jpg,4,,,,,,,,,,,,,,,,,,,,,,,,
,,Акимова Екатерина,001,2022-11-26_11h24.18.209,b_group,2022.2.4,MacIntel,500,,,3,0,14.434,0,23,23,17,1,ср43.jpg,1,,,,,,,,,,,,,,,,,,,,,,,,
,,Акимова Екатерина,001,2022-11-26_11h24.18.209,b_group,2022.2.4,MacIntel,500,,,2,0,26.799,0,24,24,6,1,ср7.jpg,1,,,,,,,,,,,,,,,,,,,,,,,,
,,Акимова Екатерина,001,2022-11-26_11h24.18.209,b_group,2022.2.4,MacIntel,500,,,,,,,,,,,,,space,4.876,,,,,,,,,,,,,,,,,,,,,,
,,Акимова Екатерина,001,2022-11-26_11h24.18.209,b_group,2022.2.4,MacIntel,500,,,,,,,,,,,,,,,space,26.286,,,,,,,,,,,,,,,,,,,,
,,Акимова Екатерина,001,2022-11-26_11h24.18.209,b_group,2022.2.4,MacIntel,500,,,,,,,,,,,sl_7.jpg,1,,,,,углеводород,right,35.463,0,0,0,5,1,,,,,,,,,,,,
,,Акимова Екатерина,001,2022-11-26_11h24.18.209,b_group,2022.2.4,MacIntel,500,,,,,,,,,,,sl_13.jpg,1,,,,,обязаны сдавать экзамены,right,17.477,0,1,1,11,1,,,,,,,,,,,,
,,Акимова Екатерина,001,2022-11-26_11h24.18.209,b_group,2022.2.4,MacIntel,500,,,,,,,,,,,sl_18.jpg,1,,,,,должно быть наказуемо,right,17.321,0,2,2,16,1,,,,,,,,,,,,
,,Акимова Екатерина,001,2022-11-26_11h24.18.209,b_group,2022.2.4,MacIntel,500,,,,,,,,,,,sl_24.jpg,1,,,,,заслуживает наказания ,right,14.189,0,3,3,22,1,,,,,,,,,,,,
,,Акимова Екатерина,001,2022-11-26_11h24.18.209,b_group,2022.2.4,MacIntel,500,,,,,,,,,,,sl_12.jpg,1,,,,,может быть металлом,right,26.076,0,4,4,10,1,,,,,,,,,,,,
,,Акимова Екатерина,001,2022-11-26_11h24.18.209,b_group,2022.2.4,MacIntel,500,,,,,,,,,,,sl_19.jpg,1,,,,,подлежит уголовной ответственности ,right,24.52,0,5,5,17,1,,,,,,,,,,,,
,,Акимова Екатерина,001,2022-11-26_11h24.18.209,b_group,2022.2.4,MacIntel,500,,,,,,,,,,,sl_6.jpg,1,,,,,млекопитающие,right,11.436,0,6,6,4,1,,,,,,,,,,,,
,,Акимова Екатерина,001,2022-11-26_11h24.18.209,b_group,2022.2.4,MacIntel,500,,,,,,,,,,,sl_23.jpg,1,,,,,- это переход вещества из жидкости в пар,right,26.071,0,7,7,21,1,,,,,,,,,,,,
,,Акимова Екатерина,001,2022-11-26_11h24.18.209,b_group,2022.2.4,MacIntel,500,,,,,,,,,,,sl_20.jpg,1,,,,,уголовное дело не может быть возбуждено,right,32.763,0,8,8,18,1,,,,,,,,,,,,
,,Акимова Екатерина,001,2022-11-26_11h24.18.209,b_group,2022.2.4,MacIntel,500,,,,,,,,,,,sl_15.jpg,1,,,,,", то шахматная партия выиграна",right,20.855,0,9,9,13,1,,,,,,,,,,,,
,,Акимова Екатерина,001,2022-11-26_11h24.18.209,b_group,2022.2.4,MacIntel,500,,,,,,,,,,,sl_22.jpg,1,,,,,человек(),right,19.183,0,10,10,20,1,,,,,,,,,,,,
,,Акимова Екатерина,001,2022-11-26_11h24.18.209,b_group,2022.2.4,MacIntel,500,,,,,,,,,,,sl_14.jpg,1,,,,,три или больше терминов,right,24.633,0,11,11,12,1,,,,,,,,,,,,
,,Акимова Екатерина,001,2022-11-26_11h24.18.209,b_group,2022.2.4,MacIntel,500,,,,,,,,,,,sl_5.jpg,1,,,,,изменяется по временам,right,18.228,0,12,12,3,1,,,,,,,,,,,,
,,Акимова Екатерина,001,2022-11-26_11h24.18.209,b_group,2022.2.4,MacIntel,500,,,,,,,,,,,sl_8.jpg,1,,,,,дышит жабрами,right,8.942,0,13,13,6,1,,,,,,,,,,,,
,,Акимова Екатерина,001,2022-11-26_11h24.18.209,b_group,2022.2.4,MacIntel,500,,,,,,,,,,,sl_10.jpg,1,,,,,имеют твердую руку,right,14.694,0,14,14,8,1,,,,,,,,,,,,
,,Акимова Екатерина,001,2022-11-26_11h24.18.209,b_group,2022.2.4,MacIntel,500,,,,,,,,,,,sl_2.jpg,1,,,,,имеет право на свободу совести,right,20.571,0,15,15,0,1,,,,,,,,,,,,
,,Акимова Екатерина,001,2022-11-26_11h24.18.209,b_group,2022.2.4,MacIntel,500,,,,,,,,,,,sl_4.jpg,1,,,,,успешно сдадут экзамен,right,20.755,0,16,16,2,1,,,,,,,,,,,,
,,Акимова Екатерина,001,2022-11-26_11h24.18.209,b_group,2022.2.4,MacIntel,500,,,,,,,,,,,sl_21.jpg,1,,,,,культурны,right,6.939,0,17,17,19,1,,,,,,,,,,,,
,,Акимова Екатерина,001,2022-11-26_11h24.18.209,b_group,2022.2.4,MacIntel,500,,,,,,,,,,,sl_16.jpg,1,,,,,имеют хорошее здоровье,right,16.638,0,18,18,14,1,,,,,,,,,,,,
,,Акимова Екатерина,001,2022-11-26_11h24.18.209,b_group,2022.2.4,MacIntel,500,,,,,,,,,,,sl_9.jpg,1,,,,,не может требовать увольнения от должности,right,37.543,0,19,19,7,1,,,,,,,,,,,,
,,Акимова Екатерина,001,2022-11-26_11h24.18.209,b_group,2022.2.4,MacIntel,500,,,,,,,,,,,sl_25.jpg,1,,,,,- печатные издания,right,16.056,0,20,20,23,1,,,,,,,,,,,,
,,Акимова Екатерина,001,2022-11-26_11h24.18.209,b_group,2022.2.4,MacIntel,500,,,,,,,,,,,sl_17.jpg,1,,,,,изучают иностранный язык,right,28.664,0,21,21,15,1,,,,,,,,,,,,
,,Акимова Екатерина,001,2022-11-26_11h24.18.209,b_group,2022.2.4,MacIntel,500,,,,,,,,,,,sl_11.jpg,1,,,,,знать логику,right,6.46,0,22,22,9,1,,,,,,,,,,,,
,,Акимова Екатерина,001,2022-11-26_11h24.18.209,b_group,2022.2.4,MacIntel,500,,,,,,,,,,,sl_3.jpg,1,,,,,хорошо организована,right,15.762,0,23,23,1,1,,,,,,,,,,,,
,,Акимова Екатерина,001,2022-11-26_11h24.18.209,b_group,2022.2.4,MacIntel,500,,,,,,,,,,,,,space,2.281,,,,,,,,,,,,,,,,,,,,,,
,,Акимова Екатерина,001,2022-11-26_11h24.18.209,b_group,2022.2.4,MacIntel,500,,,,,,,,,,,,,,,,,,,,,,,,,space,8.207,,,,,,,,,,
,,Акимова Екатерина,001,2022-11-26_11h24.18.209,b_group,2022.2.4,MacIntel,500,,,,,,,,,,,ср4.jpg,4,,,,,,,,,,,,,,,2,0,42.449,0,0,0,2,1,,
,,Акимова Екатерина,001,2022-11-26_11h24.18.209,b_group,2022.2.4,MacIntel,500,,,,,,,,,,,ср36.jpg,1,,,,,,,,,,,,,,,3,0,20.43,0,1,1,9,1,,
,,Акимова Екатерина,001,2022-11-26_11h24.18.209,b_group,2022.2.4,MacIntel,500,,,,,,,,,,,ср16.jpg,2,,,,,,,,,,,,,,,1,0,15.338,0,2,2,14,1,,
,,Акимова Екатерина,001,2022-11-26_11h24.18.209,b_group,2022.2.4,MacIntel,500,,,,,,,,,,,ср34.jpg,2,,,,,,,,,,,,,,,4,0,27.016,0,3,3,7,1,,
,,Акимова Екатерина,001,2022-11-26_11h24.18.209,b_group,2022.2.4,MacIntel,500,,,,,,,,,,,ср30.jpg,1,,,,,,,,,,,,,,,3,0,17.483,0,4,4,3,1,,
,,Акимова Екатерина,001,2022-11-26_11h24.18.209,b_group,2022.2.4,MacIntel,500,,,,,,,,,,,ср50.jpg,2,,,,,,,,,,,,,,,2,1,6.317,0,5,5,23,1,,
,,Акимова Екатерина,001,2022-11-26_11h24.18.209,b_group,2022.2.4,MacIntel,500,,,,,,,,,,,ср48.jpg,1,,,,,,,,,,,,,,,3,0,13.313,0,6,6,21,1,,
,,Акимова Екатерина,001,2022-11-26_11h24.18.209,b_group,2022.2.4,MacIntel,500,,,,,,,,,,,ср46.jpg,2,,,,,,,,,,,,,,,4,0,15.767,0,7,7,19,1,,
,,Акимова Екатерина,001,2022-11-26_11h24.18.209,b_group,2022.2.4,MacIntel,500,,,,,,,,,,,ср14.jpg,1,,,,,,,,,,,,,,,1,1,13.51,0,8,8,12,1,,
,,Акимова Екатерина,001,2022-11-26_11h24.18.209,b_group,2022.2.4,MacIntel,500,,,,,,,,,,,ср2.jpg,1,,,,,,,,,,,,,,,4,0,8.431,0,9,9,0,1,,
,,Акимова Екатерина,001,2022-11-26_11h24.18.209,b_group,2022.2.4,MacIntel,500,,,,,,,,,,,ср12.jpg,1,,,,,,,,,,,,,,,3,0,36.411,0,10,10,10,1,,
,,Акимова Екатерина,001,2022-11-26_11h24.18.209,b_group,2022.2.4,MacIntel,500,,,,,,,,,,,ср28.jpg,2,,,,,,,,,,,,,,,3,0,18.55,0,11,11,1,1,,
,,Акимова Екатерина,001,2022-11-26_11h24.18.209,b_group,2022.2.4,MacIntel,500,,,,,,,,,,,ср18.jpg,2,,,,,,,,,,,,,,,2,1,10.948,0,12,12,16,1,,
,,Акимова Екатерина,001,2022-11-26_11h24.18.209,b_group,2022.2.4,MacIntel,500,,,,,,,,,,,ср22.jpg,3,,,,,,,,,,,,,,,1,0,15.428,0,13,13,20,1,,
,,Акимова Екатерина,001,2022-11-26_11h24.18.209,b_group,2022.2.4,MacIntel,500,,,,,,,,,,,ср6.jpg,1,,,,,,,,,,,,,,,4,0,17.064,0,14,14,4,1,,
,,Акимова Екатерина,001,2022-11-26_11h24.18.209,b_group,2022.2.4,MacIntel,500,,,,,,,,,,,ср42.jpg,4,,,,,,,,,,,,,,,1,0,6.428,0,15,15,15,1,,
,,Акимова Екатерина,001,2022-11-26_11h24.18.209,b_group,2022.2.4,MacIntel,500,,,,,,,,,,,ср44.jpg,3,,,,,,,,,,,,,,,4,0,13.73,0,16,16,17,1,,
,,Акимова Екатерина,001,2022-11-26_11h24.18.209,b_group,2022.2.4,MacIntel,500,,,,,,,,,,,ср8.jpg,4,,,,,,,,,,,,,,,4,1,17.677,0,17,17,6,1,,
,,Акимова Екатерина,001,2022-11-26_11h24.18.209,b_group,2022.2.4,MacIntel,500,,,,,,,,,,,ср24.jpg,4,,,,,,,,,,,,,,,4,1,17.947,0,18,18,22,1,,
,,Акимова Екатерина,001,2022-11-26_11h24.18.209,b_group,2022.2.4,MacIntel,500,,,,,,,,,,,ср20.jpg,3,,,,,,,,,,,,,,,4,0,20.853,0,19,19,18,1,,
,,Акимова Екатерина,001,2022-11-26_11h24.18.209,b_group,2022.2.4,MacIntel,500,,,,,,,,,,,ср32.jpg,3,,,,,,,,,,,,,,,2,0,30.296,0,20,20,5,1,,
,,Акимова Екатерина,001,2022-11-26_11h24.18.209,b_group,2022.2.4,MacIntel,500,,,,,,,,,,,ср38.jpg,1,,,,,,,,,,,,,,,1,1,13.946,0,21,21,11,1,,
,,Акимова Екатерина,001,2022-11-26_11h24.18.209,b_group,2022.2.4,MacIntel,500,,,,,,,,,,,ср10.jpg,3,,,,,,,,,,,,,,,4,0,7.73,0,22,22,8,1,,
,,Акимова Екатерина,001,2022-11-26_11h24.18.209,b_group,2022.2.4,MacIntel,500,,,,,,,,,,,ср40.jpg,2,,,,,,,,,,,,,,,2,1,9.447,0,23,23,13,1,,
,,Акимова Екатерина,001,2022-11-26_11h24.18.209,b_group,2022.2.4,MacIntel,500,,,,,,,,,,,,,,,,,,,,,,,,,,,,,,,,,,,space,7.165
