﻿key_resp.keys,key_resp.rt,participant,session,date,expName,psychopyVersion,OS,frameRate,key_resp_2.keys,key_resp_2.rt,key_resp_6.keys,key_resp_6.corr,key_resp_6.rt,trials.thisRepN,trials.thisTrialN,trials.thisN,trials.thisIndex,trials.ran,img2,ch,key_resp_5.keys,key_resp_5.rt,key_resp_3.keys,key_resp_3.rt,textbox.text,key_resp_8.keys,key_resp_8.rt,trials_2.thisRepN,trials_2.thisTrialN,trials_2.thisN,trials_2.thisIndex,trials_2.ran,key_resp_4.keys,key_resp_4.rt,key_resp_7.keys,key_resp_7.corr,key_resp_7.rt,trials_3.thisRepN,trials_3.thisTrialN,trials_3.thisN,trials_3.thisIndex,trials_3.ran,key_resp_9.keys,key_resp_9.rt
space,17.9278,Литвинова Анастасия,001,2022-11-26_22h10.01.579,b_group,2022.2.4,Win32,60.0528465,,,,,,,,,,,,,,,,,,,,,,,,,,,,,,,,,,,,
,,Литвинова Анастасия,001,2022-11-26_22h10.01.579,b_group,2022.2.4,Win32,60.0528465,space,13.7425,,,,,,,,,,,,,,,,,,,,,,,,,,,,,,,,,,
,,Литвинова Анастасия,001,2022-11-26_22h10.01.579,b_group,2022.2.4,Win32,60.0528465,,,3,0,22.417,0,0,0,17,1,ср43.jpg,1,,,,,,,,,,,,,,,,,,,,,,,,
,,Литвинова Анастасия,001,2022-11-26_22h10.01.579,b_group,2022.2.4,Win32,60.0528465,,,4,0,21.4838,0,1,1,0,1,ср1.jpg,1,,,,,,,,,,,,,,,,,,,,,,,,
,,Литвинова Анастасия,001,2022-11-26_22h10.01.579,b_group,2022.2.4,Win32,60.0528465,,,3,0,20.6118,0,2,2,23,1,ср49.jpg,4,,,,,,,,,,,,,,,,,,,,,,,,
,,Литвинова Анастасия,001,2022-11-26_22h10.01.579,b_group,2022.2.4,Win32,60.0528465,,,3,1,17.8732,0,3,3,18,1,ср19.jpg,3,,,,,,,,,,,,,,,,,,,,,,,,
,,Литвинова Анастасия,001,2022-11-26_22h10.01.579,b_group,2022.2.4,Win32,60.0528465,,,1,0,16.578,0,4,4,10,1,ср11.jpg,4,,,,,,,,,,,,,,,,,,,,,,,,
,,Литвинова Анастасия,001,2022-11-26_22h10.01.579,b_group,2022.2.4,Win32,60.0528465,,,3,0,17.8477,0,5,5,19,1,ср45.jpg,4,,,,,,,,,,,,,,,,,,,,,,,,
,,Литвинова Анастасия,001,2022-11-26_22h10.01.579,b_group,2022.2.4,Win32,60.0528465,,,4,1,12.0594,0,6,6,4,1,ср5.jpg,4,,,,,,,,,,,,,,,,,,,,,,,,
,,Литвинова Анастасия,001,2022-11-26_22h10.01.579,b_group,2022.2.4,Win32,60.0528465,,,3,0,20.3063,0,7,7,20,1,ср21.jpg,1,,,,,,,,,,,,,,,,,,,,,,,,
,,Литвинова Анастасия,001,2022-11-26_22h10.01.579,b_group,2022.2.4,Win32,60.0528465,,,1,1,26.9005,0,8,8,2,1,ср3.jpg,1,,,,,,,,,,,,,,,,,,,,,,,,
,,Литвинова Анастасия,001,2022-11-26_22h10.01.579,b_group,2022.2.4,Win32,60.0528465,,,1,0,10.8474,0,9,9,11,1,ср37.jpg,3,,,,,,,,,,,,,,,,,,,,,,,,
,,Литвинова Анастасия,001,2022-11-26_22h10.01.579,b_group,2022.2.4,Win32,60.0528465,,,3,0,14.604,0,10,10,16,1,ср17.jpg,1,,,,,,,,,,,,,,,,,,,,,,,,
,,Литвинова Анастасия,001,2022-11-26_22h10.01.579,b_group,2022.2.4,Win32,60.0528465,,,1,0,18.1541,0,11,11,3,1,ср29.jpg,3,,,,,,,,,,,,,,,,,,,,,,,,
,,Литвинова Анастасия,001,2022-11-26_22h10.01.579,b_group,2022.2.4,Win32,60.0528465,,,4,0,16.7633,0,12,12,15,1,ср41.jpg,2,,,,,,,,,,,,,,,,,,,,,,,,
,,Литвинова Анастасия,001,2022-11-26_22h10.01.579,b_group,2022.2.4,Win32,60.0528465,,,4,0,22.3055,0,13,13,22,1,ср23.jpg,1,,,,,,,,,,,,,,,,,,,,,,,,
,,Литвинова Анастасия,001,2022-11-26_22h10.01.579,b_group,2022.2.4,Win32,60.0528465,,,1,0,21.6402,0,14,14,21,1,ср47.jpg,4,,,,,,,,,,,,,,,,,,,,,,,,
,,Литвинова Анастасия,001,2022-11-26_22h10.01.579,b_group,2022.2.4,Win32,60.0528465,,,2,0,20.4122,0,15,15,13,1,ср39.jpg,3,,,,,,,,,,,,,,,,,,,,,,,,
,,Литвинова Анастасия,001,2022-11-26_22h10.01.579,b_group,2022.2.4,Win32,60.0528465,,,2,0,17.4575,0,16,16,14,1,ср15.jpg,4,,,,,,,,,,,,,,,,,,,,,,,,
,,Литвинова Анастасия,001,2022-11-26_22h10.01.579,b_group,2022.2.4,Win32,60.0528465,,,2,1,22.8406,0,17,17,1,1,ср27.jpg,2,,,,,,,,,,,,,,,,,,,,,,,,
,,Литвинова Анастасия,001,2022-11-26_22h10.01.579,b_group,2022.2.4,Win32,60.0528465,,,1,1,23.3139,0,18,18,9,1,ср35.jpg,1,,,,,,,,,,,,,,,,,,,,,,,,
,,Литвинова Анастасия,001,2022-11-26_22h10.01.579,b_group,2022.2.4,Win32,60.0528465,,,2,0,19.0638,0,19,19,7,1,ср33.jpg,3,,,,,,,,,,,,,,,,,,,,,,,,
,,Литвинова Анастасия,001,2022-11-26_22h10.01.579,b_group,2022.2.4,Win32,60.0528465,,,3,0,18.6923,0,20,20,12,1,ср13.jpg,1,,,,,,,,,,,,,,,,,,,,,,,,
,,Литвинова Анастасия,001,2022-11-26_22h10.01.579,b_group,2022.2.4,Win32,60.0528465,,,3,0,18.3454,0,21,21,6,1,ср7.jpg,1,,,,,,,,,,,,,,,,,,,,,,,,
,,Литвинова Анастасия,001,2022-11-26_22h10.01.579,b_group,2022.2.4,Win32,60.0528465,,,3,0,27.8711,0,22,22,8,1,ср9.jpg,1,,,,,,,,,,,,,,,,,,,,,,,,
,,Литвинова Анастасия,001,2022-11-26_22h10.01.579,b_group,2022.2.4,Win32,60.0528465,,,3,1,26.6109,0,23,23,5,1,ср31.jpg,3,,,,,,,,,,,,,,,,,,,,,,,,
,,Литвинова Анастасия,001,2022-11-26_22h10.01.579,b_group,2022.2.4,Win32,60.0528465,,,2,1,19.6715,0,24,24,24,1,ср25.jpg,2,,,,,,,,,,,,,,,,,,,,,,,,
,,Литвинова Анастасия,001,2022-11-26_22h10.01.579,b_group,2022.2.4,Win32,60.0528465,,,,,,,,,,,,,space,23.4355,,,,,,,,,,,,,,,,,,,,,,
,,Литвинова Анастасия,001,2022-11-26_22h10.01.579,b_group,2022.2.4,Win32,60.0528465,,,,,,,,,,,,,,,space,30.8521,,,,,,,,,,,,,,,,,,,,
,,Литвинова Анастасия,001,2022-11-26_22h10.01.579,b_group,2022.2.4,Win32,60.0528465,,,,,,,,,,,sl_17.jpg,1,,,,,усердно изучают иностранный язык,right,44.1145,0,0,0,15,1,,,,,,,,,,,,
,,Литвинова Анастасия,001,2022-11-26_22h10.01.579,b_group,2022.2.4,Win32,60.0528465,,,,,,,,,,,sl_15.jpg,1,,,,,шахматная партия выиграна,right,15.1978,0,1,1,13,1,,,,,,,,,,,,
,,Литвинова Анастасия,001,2022-11-26_22h10.01.579,b_group,2022.2.4,Win32,60.0528465,,,,,,,,,,,sl_14.jpg,1,,,,,есть три термина,right,32.7237,0,2,2,12,1,,,,,,,,,,,,
,,Литвинова Анастасия,001,2022-11-26_22h10.01.579,b_group,2022.2.4,Win32,60.0528465,,,,,,,,,,,sl_24.jpg,1,,,,,заслуживает наказания,right,34.8492,0,3,3,22,1,,,,,,,,,,,,
,,Литвинова Анастасия,001,2022-11-26_22h10.01.579,b_group,2022.2.4,Win32,60.0528465,,,,,,,,,,,sl_6.jpg,1,,,,,млекопитающие,right,24.229,0,4,4,4,1,,,,,,,,,,,,
,,Литвинова Анастасия,001,2022-11-26_22h10.01.579,b_group,2022.2.4,Win32,60.0528465,,,,,,,,,,,sl_16.jpg,1,,,,,имеют хорошее здоровье,right,25.0728,0,5,5,14,1,,,,,,,,,,,,
,,Литвинова Анастасия,001,2022-11-26_22h10.01.579,b_group,2022.2.4,Win32,60.0528465,,,,,,,,,,,sl_21.jpg,1,,,,,культурны,right,16.9531,0,6,6,19,1,,,,,,,,,,,,
,,Литвинова Анастасия,001,2022-11-26_22h10.01.579,b_group,2022.2.4,Win32,60.0528465,,,,,,,,,,,sl_2.jpg,1,,,,,имеет право на свободу совести,right,23.7916,0,7,7,0,1,,,,,,,,,,,,
,,Литвинова Анастасия,001,2022-11-26_22h10.01.579,b_group,2022.2.4,Win32,60.0528465,,,,,,,,,,,sl_5.jpg,1,,,,,может изменяться по временам,right,69.9646,0,8,8,3,1,,,,,,,,,,,,
,,Литвинова Анастасия,001,2022-11-26_22h10.01.579,b_group,2022.2.4,Win32,60.0528465,,,,,,,,,,,sl_18.jpg,1,,,,,должно быть наказано,right,10.435,0,9,9,16,1,,,,,,,,,,,,
,,Литвинова Анастасия,001,2022-11-26_22h10.01.579,b_group,2022.2.4,Win32,60.0528465,,,,,,,,,,,sl_7.jpg,1,,,,,углеводород,right,17.9867,0,10,10,5,1,,,,,,,,,,,,
,,Литвинова Анастасия,001,2022-11-26_22h10.01.579,b_group,2022.2.4,Win32,60.0528465,,,,,,,,,,,sl_20.jpg,1,,,,,уголовное дело не может быть возбуждено,right,33.1233,0,11,11,18,1,,,,,,,,,,,,
,,Литвинова Анастасия,001,2022-11-26_22h10.01.579,b_group,2022.2.4,Win32,60.0528465,,,,,,,,,,,sl_12.jpg,1,,,,,может быть металлом,right,32.1903,0,12,12,10,1,,,,,,,,,,,,
,,Литвинова Анастасия,001,2022-11-26_22h10.01.579,b_group,2022.2.4,Win32,60.0528465,,,,,,,,,,,sl_8.jpg,1,,,,,дышит жабрами,right,17.8827,0,13,13,6,1,,,,,,,,,,,,
,,Литвинова Анастасия,001,2022-11-26_22h10.01.579,b_group,2022.2.4,Win32,60.0528465,,,,,,,,,,,sl_11.jpg,1,,,,,знать логику,right,12.153,0,14,14,9,1,,,,,,,,,,,,
,,Литвинова Анастасия,001,2022-11-26_22h10.01.579,b_group,2022.2.4,Win32,60.0528465,,,,,,,,,,,sl_3.jpg,1,,,,,хорошо организована,right,17.8691,0,15,15,1,1,,,,,,,,,,,,
,,Литвинова Анастасия,001,2022-11-26_22h10.01.579,b_group,2022.2.4,Win32,60.0528465,,,,,,,,,,,sl_10.jpg,1,,,,,имеют твёрдую руку,right,13.0097,0,16,16,8,1,,,,,,,,,,,,
,,Литвинова Анастасия,001,2022-11-26_22h10.01.579,b_group,2022.2.4,Win32,60.0528465,,,,,,,,,,,sl_9.jpg,1,,,,,не требует увольнения от должности,right,61.5659,0,17,17,7,1,,,,,,,,,,,,
,,Литвинова Анастасия,001,2022-11-26_22h10.01.579,b_group,2022.2.4,Win32,60.0528465,,,,,,,,,,,sl_13.jpg,1,,,,,обязаны сдавать экзамены,right,12.5534,0,18,18,11,1,,,,,,,,,,,,
,,Литвинова Анастасия,001,2022-11-26_22h10.01.579,b_group,2022.2.4,Win32,60.0528465,,,,,,,,,,,sl_4.jpg,1,,,,,"к экзамену, сдают его успешно",right,16.9344,0,19,19,2,1,,,,,,,,,,,,
,,Литвинова Анастасия,001,2022-11-26_22h10.01.579,b_group,2022.2.4,Win32,60.0528465,,,,,,,,,,,sl_25.jpg,1,,,,,печатные издания,right,29.4368,0,20,20,23,1,,,,,,,,,,,,
,,Литвинова Анастасия,001,2022-11-26_22h10.01.579,b_group,2022.2.4,Win32,60.0528465,,,,,,,,,,,sl_22.jpg,1,,,,,человек,right,11.7607,0,21,21,20,1,,,,,,,,,,,,
,,Литвинова Анастасия,001,2022-11-26_22h10.01.579,b_group,2022.2.4,Win32,60.0528465,,,,,,,,,,,sl_19.jpg,1,,,,,подлежит уголовной ответственности,right,15.2466,0,22,22,17,1,,,,,,,,,,,,
,,Литвинова Анастасия,001,2022-11-26_22h10.01.579,b_group,2022.2.4,Win32,60.0528465,,,,,,,,,,,sl_23.jpg,1,,,,,процесс перехода вещества из жидкости в пар,right,36.7939,0,23,23,21,1,,,,,,,,,,,,
,,Литвинова Анастасия,001,2022-11-26_22h10.01.579,b_group,2022.2.4,Win32,60.0528465,,,,,,,,,,,,,space,50.9811,,,,,,,,,,,,,,,,,,,,,,
,,Литвинова Анастасия,001,2022-11-26_22h10.01.579,b_group,2022.2.4,Win32,60.0528465,,,,,,,,,,,,,,,,,,,,,,,,,space,14.3349,,,,,,,,,,
,,Литвинова Анастасия,001,2022-11-26_22h10.01.579,b_group,2022.2.4,Win32,60.0528465,,,,,,,,,,,ср2.jpg,1,,,,,,,,,,,,,,,1,1,25.9255,0,0,0,0,1,,
,,Литвинова Анастасия,001,2022-11-26_22h10.01.579,b_group,2022.2.4,Win32,60.0528465,,,,,,,,,,,ср14.jpg,1,,,,,,,,,,,,,,,4,0,17.4776,0,1,1,12,1,,
,,Литвинова Анастасия,001,2022-11-26_22h10.01.579,b_group,2022.2.4,Win32,60.0528465,,,,,,,,,,,ср16.jpg,2,,,,,,,,,,,,,,,1,0,19.7922,0,2,2,14,1,,
,,Литвинова Анастасия,001,2022-11-26_22h10.01.579,b_group,2022.2.4,Win32,60.0528465,,,,,,,,,,,ср48.jpg,1,,,,,,,,,,,,,,,4,0,10.29,0,3,3,21,1,,
,,Литвинова Анастасия,001,2022-11-26_22h10.01.579,b_group,2022.2.4,Win32,60.0528465,,,,,,,,,,,ср22.jpg,3,,,,,,,,,,,,,,,1,0,11.3864,0,4,4,20,1,,
,,Литвинова Анастасия,001,2022-11-26_22h10.01.579,b_group,2022.2.4,Win32,60.0528465,,,,,,,,,,,ср4.jpg,4,,,,,,,,,,,,,,,4,1,34.4139,0,5,5,2,1,,
,,Литвинова Анастасия,001,2022-11-26_22h10.01.579,b_group,2022.2.4,Win32,60.0528465,,,,,,,,,,,ср30.jpg,1,,,,,,,,,,,,,,,3,0,21.805,0,6,6,3,1,,
,,Литвинова Анастасия,001,2022-11-26_22h10.01.579,b_group,2022.2.4,Win32,60.0528465,,,,,,,,,,,ср12.jpg,1,,,,,,,,,,,,,,,3,0,17.6413,0,7,7,10,1,,
,,Литвинова Анастасия,001,2022-11-26_22h10.01.579,b_group,2022.2.4,Win32,60.0528465,,,,,,,,,,,ср18.jpg,2,,,,,,,,,,,,,,,2,1,28.1307,0,8,8,16,1,,
,,Литвинова Анастасия,001,2022-11-26_22h10.01.579,b_group,2022.2.4,Win32,60.0528465,,,,,,,,,,,ср32.jpg,3,,,,,,,,,,,,,,,3,1,8.0783,0,9,9,5,1,,
,,Литвинова Анастасия,001,2022-11-26_22h10.01.579,b_group,2022.2.4,Win32,60.0528465,,,,,,,,,,,ср40.jpg,2,,,,,,,,,,,,,,,2,1,14.5785,0,10,10,13,1,,
,,Литвинова Анастасия,001,2022-11-26_22h10.01.579,b_group,2022.2.4,Win32,60.0528465,,,,,,,,,,,ср42.jpg,4,,,,,,,,,,,,,,,1,0,17.9766,0,11,11,15,1,,
,,Литвинова Анастасия,001,2022-11-26_22h10.01.579,b_group,2022.2.4,Win32,60.0528465,,,,,,,,,,,ср10.jpg,3,,,,,,,,,,,,,,,4,0,8.8569,0,12,12,8,1,,
,,Литвинова Анастасия,001,2022-11-26_22h10.01.579,b_group,2022.2.4,Win32,60.0528465,,,,,,,,,,,ср36.jpg,1,,,,,,,,,,,,,,,3,0,27.6424,0,13,13,9,1,,
,,Литвинова Анастасия,001,2022-11-26_22h10.01.579,b_group,2022.2.4,Win32,60.0528465,,,,,,,,,,,ср50.jpg,2,,,,,,,,,,,,,,,4,0,56.0545,0,14,14,23,1,,
,,Литвинова Анастасия,001,2022-11-26_22h10.01.579,b_group,2022.2.4,Win32,60.0528465,,,,,,,,,,,ср24.jpg,4,,,,,,,,,,,,,,,2,0,27.2144,0,15,15,22,1,,
,,Литвинова Анастасия,001,2022-11-26_22h10.01.579,b_group,2022.2.4,Win32,60.0528465,,,,,,,,,,,ср44.jpg,3,,,,,,,,,,,,,,,1,0,29.5188,0,16,16,17,1,,
,,Литвинова Анастасия,001,2022-11-26_22h10.01.579,b_group,2022.2.4,Win32,60.0528465,,,,,,,,,,,ср28.jpg,2,,,,,,,,,,,,,,,3,0,10.8141,0,17,17,1,1,,
,,Литвинова Анастасия,001,2022-11-26_22h10.01.579,b_group,2022.2.4,Win32,60.0528465,,,,,,,,,,,ср46.jpg,2,,,,,,,,,,,,,,,4,0,36.9794,0,18,18,19,1,,
,,Литвинова Анастасия,001,2022-11-26_22h10.01.579,b_group,2022.2.4,Win32,60.0528465,,,,,,,,,,,ср38.jpg,1,,,,,,,,,,,,,,,1,1,13.0758,0,19,19,11,1,,
,,Литвинова Анастасия,001,2022-11-26_22h10.01.579,b_group,2022.2.4,Win32,60.0528465,,,,,,,,,,,ср6.jpg,1,,,,,,,,,,,,,,,4,0,36.2718,0,20,20,4,1,,
,,Литвинова Анастасия,001,2022-11-26_22h10.01.579,b_group,2022.2.4,Win32,60.0528465,,,,,,,,,,,ср8.jpg,4,,,,,,,,,,,,,,,2,0,31.1524,0,21,21,6,1,,
,,Литвинова Анастасия,001,2022-11-26_22h10.01.579,b_group,2022.2.4,Win32,60.0528465,,,,,,,,,,,ср34.jpg,2,,,,,,,,,,,,,,,2,1,17.9565,0,22,22,7,1,,
,,Литвинова Анастасия,001,2022-11-26_22h10.01.579,b_group,2022.2.4,Win32,60.0528465,,,,,,,,,,,ср20.jpg,3,,,,,,,,,,,,,,,1,0,16.3705,0,23,23,18,1,,
,,Литвинова Анастасия,001,2022-11-26_22h10.01.579,b_group,2022.2.4,Win32,60.0528465,,,,,,,,,,,,,,,,,,,,,,,,,,,,,,,,,,,space,9.7334
